"CCA1"	"CCA2"
"ABCC8"	0.37038498188592	0.0336553624500101
"ABCD2"	0.281190070772181	-0.0171697109447272
"ABCG4"	0.322504657928229	-0.0497076711036346
"ABLIM2"	0.272299627821471	0.138871809331003
"ACSBG1"	0.421825577601144	-0.0117601728419568
"ACSL6"	0.295722606528508	0.278599518222202
"ACTL6B"	0.332382975894285	0.1861634676769
"ADAM11"	0.294183936846234	0.264073660684502
"ADAM22"	0.281217006227235	0.0886145802765652
"ADCY2"	0.299703258858241	-0.0278252480529695
"ADCY8"	0.324142345598662	-0.0438703171167494
"ADCYAP1"	0.332409670699696	0.10286268287895
"ADCYAP1R1"	0.375606053404917	0.0959559351808815
"ADD2"	0.441297851748521	0.129900265894817
"ADGRB1"	0.54803598459021	0.130888091019928
"ADGRB3"	0.435824889263611	0.135623687089615
"ADRA2C"	0.307181130182351	0.0764138908721503
"AFF2"	0.266929337774174	0.086941333236398
"AGAP2"	0.362941363366888	0.015049560453795
"AHI1"	0.310071499537962	-0.00653292108517662
"AJAP1"	0.309802149632214	0.0520466001982257
"AJM1"	0.400071190643851	0.0679799018195212
"AK5"	0.361369603480721	0.185720989198569
"AKAP6"	0.324449032892466	-0.0176614942470365
"ALDOC"	0.443382672695353	0.125803618812983
"AMER2"	0.436403635679193	0.0990809285760097
"AMPH"	0.442607106929166	-0.0572745126764586
"ANK1"	0.388605561901002	0.14699320424614
"ANK2"	0.349515317344434	0.0160447315846455
"ANKRD13D"	0.273601656916331	0.031775697823111
"ANKRD34B"	0.369944374491764	0.122258882298457
"ANKRD45"	0.325287337915163	0.0263065409571285
"ANKS1B"	0.506421653970281	0.124958948252679
"ANO3"	0.404700867938334	0.106483915744496
"AP3B2"	0.497391299181295	0.103273349760781
"APBA1"	0.368499353554081	0.00746323734712362
"APBA2"	0.406791851073693	0.16718719339265
"APBB1"	0.273734385248118	-0.0318782541053474
"APC2"	0.346021759370469	0.117770751311296
"APLP1"	0.294224811103826	0.0502958667218365
"APOD"	0.361984695248213	0.0914781483749868
"AQP4"	0.321224977406106	-0.0355917278390678
"ARC"	0.280299526419191	0.0791548920691417
"ARHGAP20"	0.264860840925043	-0.0345930595557423
"ARHGDIG"	0.321873247230524	-0.0854736726260219
"ARHGEF4"	0.266494719122759	0.0475933920922585
"ARHGEF9"	0.265486350509445	0.0988688689383096
"ARMCX2"	0.276440205213857	-0.0313936135414461
"ARPP21"	0.458180531872562	0.119510140960414
"ASIC1"	0.388259075120747	0.122693930289601
"ASIC2"	0.341980755716406	0.0634826287560862
"ASIC4"	0.294973770235738	-0.0548533352773191
"ASNS"	0.267665942599894	-0.102657968965251
"ASPHD1"	0.355315087061501	0.109023292020368
"ASPHD2"	0.361564200954045	0.151279178702803
"ATP13A4"	0.366942301353334	0.0307292568411483
"ATP13A5"	0.367033237945711	0.110132158936727
"ATP1A2"	0.411273819664992	-0.0381488086037968
"ATP1A3"	0.633028159963794	0.172050209549429
"ATP1B2"	0.397411878144897	0.0746059032326777
"ATP2B2"	0.286620841222019	0.291838621410257
"ATP2B3"	0.377191867546973	0.162035207404389
"B3GAT1"	0.338831994824745	0.233073534638932
"B4GALNT4"	0.393161139821296	-0.0313479505503846
"B4GALT2"	0.309576575266679	-0.00249758226084032
"BAALC"	0.298239208148185	0.040380067533837
"BAIAP3"	0.331939974911455	0.0480676514406345
"BCAN"	0.336707616030484	0.203825856707915
"BCAS1"	0.272692704921858	-0.0304564417092669
"BCAT1"	0.411963274854929	0.120214029555643
"BCL11A"	0.309916191384546	-0.0689118347269962
"BEGAIN"	0.402024224345411	0.116188735057914
"BEND6"	0.467673559930863	0.106954225377326
"BEX2"	0.302047609873916	0.0647434097550878
"BMERB1"	0.476116650380556	0.0920571873947524
"BRINP1"	0.505242508612109	0.139234824692629
"BRINP2"	0.265758929565923	0.0924343154873935
"BRINP3"	0.327209953118474	0.106989931411339
"BRSK1"	0.45885956812721	0.0987001129844424
"BRSK2"	0.45349234410291	0.130391470249365
"BTBD17"	0.312896315198061	0.122277542938961
"C1QL1"	0.321945573118297	0.0613002253552218
"C1QL2"	0.370836524202188	0.123971789289243
"C1QL3"	0.315128796398143	0.11188667322962
"C1QTNF4"	0.34557944506376	0.156492093803954
"CA10"	0.410928114275124	0.132090425224188
"CA11"	0.303546993021113	0.0650817419353074
"CABP7"	0.430909983339961	0.130298415069203
"CACNA1A"	0.316501635707071	0.00752811493037504
"CACNA1B"	0.408689152334414	0.0377878531565568
"CACNA1E"	0.325714460275039	0.0758773412842572
"CACNA1G"	0.309695235842298	-0.0288216907267377
"CACNA2D1"	0.268498913738603	-0.0466444164033287
"CACNA2D2"	0.337682724406489	0.119633528514155
"CACNA2D3"	0.362781330805911	0.104154624338732
"CACNB1"	0.283147732567372	0.0217295874369985
"CACNB4"	0.339042613235557	0.0186449094767253
"CACNG2"	0.388168810009497	0.126333827266608
"CACNG3"	0.39835279206057	0.131527413959178
"CACNG7"	0.484282018139685	0.0773714261318315
"CACNG8"	0.474568427597231	0.153863842567936
"CADM2"	0.351944032336653	0.110493952486653
"CADM3"	0.444323492987495	0.0266788455131038
"CADPS"	0.451962694113667	0.0455004917911469
"CALB2"	0.382436761011655	0.054835111339601
"CALN1"	0.327914402564627	0.112756102397759
"CALY"	0.467594113755114	0.141277720516124
"CAMK1G"	0.386241164393667	0.015046137023544
"CAMK2A"	0.511353271538465	0.113967586745499
"CAMK2B"	0.442069053349376	-0.0181456213109182
"CAMK2N2"	0.293432025265091	0.109679228750914
"CAMK4"	0.351989300396433	0.0398992656481564
"CAMKK1"	0.288562625492654	0.00556382704587447
"CAMKV"	0.48207661133006	0.149692908044125
"CAMTA1"	0.369225624942939	0.0356350181559056
"CAP2"	0.263225490858084	-0.00355011246386863
"CARMIL2"	0.30335981135024	-0.0215424579527043
"CARMIL3"	0.32651855934345	0.104313582634042
"CASKIN1"	0.378509253082809	0.10248997378776
"CBARP"	0.426903109720234	0.0723348434781655
"CBLN1"	0.293499511791121	0.117675206726774
"CBLN2"	0.316191546453028	0.0762449263125692
"CBLN4"	0.292627254549147	0.0989082908444801
"CCDC136"	0.368200673374772	-0.0178926127943232
"CCDC177"	0.28497076312747	0.0119058866184971
"CCKBR"	0.264692659835539	0.0233289528336818
"CCSAP"	0.285297965719546	0.0158748653692809
"CDH10"	0.270305611459358	0.0920502941210469
"CDH18"	0.39439598937007	0.103651868470905
"CDH20"	0.372705314414582	0.112500340468182
"CDH22"	0.351907452372646	0.119378585878696
"CDH7"	0.284161226260792	0.0696083001706953
"CDH8"	0.448298601227943	0.141908414034405
"CDH9"	0.280911817743646	0.122565847701987
"CDK5R1"	0.382411634351401	0.0824915536054049
"CDK5R2"	0.496575268717097	0.121136564070796
"CELF3"	0.424663355563054	0.0272339843581372
"CELF4"	0.556461516943794	0.110214429235539
"CELF5"	0.339709222346211	0.11367543364754
"CELF6"	0.299720822399666	0.0228420535139619
"CELSR3"	0.326789509258502	0.0586701434152162
"CEND1"	0.512350798230047	0.12090951252182
"CERS1"	0.444193041052851	0.133254138535818
"CFAP46"	0.293178142326944	-0.0748263309334954
"CHD5"	0.345829210723279	0.0343870772561334
"CHGA"	0.399536246229096	-0.0985255344171691
"CHGB"	0.379274513081549	-0.133735356100723
"CHL1"	0.400128067217608	-0.0489911970176669
"CHN1"	0.355966533358117	-0.0285043793638831
"CHRM1"	0.27870654917186	-0.0594184118538373
"CHRNB2"	0.420392767184362	0.119080224520783
"CHST1"	0.294798717105079	0.0926889275905154
"CHST10"	0.318993721733553	0.0637644430000814
"CHST5"	0.265999356356294	0.0423955066009116
"CLDN11"	0.46713323830988	0.126393635501702
"CLIP3"	0.335056479291329	0.0288034669422659
"CLSTN2"	0.343076703121447	0.0243670510141671
"CLSTN3"	0.515139230754447	0.0675073522276013
"CLVS2"	0.367205886374717	0.113560674310052
"CMTM5"	0.437702686267551	0.112658432083283
"CNKSR2"	0.327471734406843	0.0367426930589105
"CNNM1"	0.515044690917336	0.157956252989148
"CNR1"	0.403294806519094	-0.0125788560903499
"CNTFR"	0.272897253089669	0.10932723517964
"CNTN1"	0.36161772627321	-0.0841988003277916
"CNTN2"	0.41750515505013	0.0223246926770095
"CNTN3"	0.274600617700784	0.0440156843927609
"CNTN4"	0.372842912390061	0.0388791662996959
"CNTN6"	0.360010315202935	0.116897988078698
"CNTNAP1"	0.387037983425447	0.0173252238877002
"CNTNAP4"	0.422827716927547	0.129627868608561
"COL11A1"	0.29747685401873	0.0807965830821642
"COL11A2"	0.299128382836813	-0.041272762046861
"CORO2B"	0.289712757784996	0.0298619168826215
"CPLX1"	0.533649541871612	0.157337549111814
"CPLX2"	0.468652189541818	0.0582219526516952
"CPNE4"	0.334894201478596	0.0433564701554554
"CPNE5"	0.36806982984468	0.0760346577311507
"CPNE6"	0.375968945422647	0.078610406791191
"CPNE7"	0.390516620289912	0.0989753601792076
"CPNE9"	0.346071033034607	0.107447134900064
"CPT1C"	0.311633443902232	0.0776003867641648
"CRHR1"	0.291830058619257	0.101943407019433
"CRMP1"	0.470566721961504	0.0725325212093389
"CSDC2"	0.334896928929032	0.0110399090177477
"CSMD1"	0.278123594778554	0.096270205754321
"CSMD3"	0.370827236598262	0.0968846358464095
"CSPG5"	0.48051786600888	0.147008187976652
"CSRNP3"	0.338185350396398	0.0786915658648134
"CTNNA2"	0.473408310614503	0.0751689256703796
"CTNND2"	0.324802390820705	0.151417051166941
"CTXN1"	0.314461719750299	0.0383430439825691
"CX3CL1"	0.36616467508516	-0.00489339475275117
"CYB5R2"	0.278859875558484	0.102340973190101
"CYP46A1"	0.426507015926346	0.102466544923479
"DAB1"	0.269544058930525	-0.0542160864640745
"DAGLA"	0.295183053238407	-0.0359922135337412
"DBNDD1"	0.294571634256295	0.0576591767075966
"DBX2"	0.313066097096647	0.106571999168661
"DCLK1"	0.388121561215125	-0.00800110813011584
"DDX25"	0.464252048694505	0.121700161158999
"DGKB"	0.327804679661552	0.0167276760863262
"DGKG"	0.368010565224065	0.00992397802893184
"DIPK1C"	0.273599760288685	0.100266001785297
"DIRAS1"	0.37756631783406	0.123090805772176
"DIRAS2"	0.479431306104478	0.134517623078104
"DISP2"	0.46204684113794	0.0411854561918514
"DISP3"	0.410921586379779	0.117823911698138
"DLG2"	0.371500791123241	0.0749560251754259
"DLG4"	0.407571346605357	0.0633015650529703
"DLGAP1"	0.478366046163463	0.128666774702968
"DLGAP2"	0.314935455406409	0.0945119233613439
"DLGAP3"	0.531561329459881	0.153387301601381
"DLK2"	0.268433223866436	0.0720148767768646
"DNAJC6"	0.33128989103756	0.0892629376612013
"DOC2B"	0.302948150367633	0.0762073838736817
"DOCK3"	0.3158229378449	0.115936870291926
"DPF1"	0.366849417214316	-0.0113378319038676
"DPM2"	0.313735208160615	0.127021032540665
"DPYSL4"	0.298776340440552	0.0891496479406908
"DPYSL5"	0.363348189073364	0.121156877131857
"DRD2"	0.311297377745316	0.0967213508156193
"DRP2"	0.32672665387056	0.103797803415791
"DSCAML1"	0.438564956040324	0.12812826865859
"DTNA"	0.341406633020359	-0.0391949445506003
"DUSP26"	0.355212325394304	-0.000629209461047522
"DUSP8"	0.299217507366143	0.0315625521040936
"DYNC1I1"	0.422972096408025	0.120406293780523
"DZANK1"	0.324463959864388	0.126058495718418
"EDIL3"	0.378188623145182	0.0829077577258413
"EFNB3"	0.286890130649627	0.0778195900988704
"EFR3B"	0.323737610362394	0.0800278891954883
"EGR3"	0.263234556178711	0.027821832313765
"ELAVL2"	0.41495934172372	0.084723526880196
"ELAVL3"	0.473556414731707	0.14123662559132
"ELAVL4"	0.405109157674226	0.0766846383226702
"ELFN2"	0.453481792935128	0.12911177962341
"ELMOD1"	0.46129057156185	0.0492644055129464
"ELOVL4"	0.313520594580288	0.0509636143818092
"ENHO"	0.279269879704438	0.00867203222643939
"ENO2"	0.483439713517164	0.0265926514014663
"EPDR1"	0.331812356504823	0.0541695569448925
"EPHA10"	0.408815682424065	0.143546468982397
"EPHA5"	0.317276862287799	0.100961219722084
"EPHA8"	0.343860417533916	0.106596505385605
"EPHB1"	0.319140851828908	0.0521048845929681
"EPHB6"	0.293453581831469	-0.0547534341490763
"ERC2"	0.305398113161213	0.103268052189511
"ERMN"	0.495068143271984	0.158456017024611
"FAIM2"	0.483048241525611	0.076441994849786
"FAM107A"	0.339287848215422	0.0471306862718535
"FAM131B"	0.440648482370739	0.0931188228947934
"FAM135B"	0.362410118180138	0.123505622747876
"FAM163B"	0.376927302082046	0.132881960637215
"FAM171B"	0.390542434922995	-0.0127664041807735
"FAM181B"	0.318929195987168	0.0488594816646368
"FAM43B"	0.279760421618148	0.127740851260991
"FAT3"	0.344221644222094	-0.000972692182145941
"FAXC"	0.289325510606398	0.00998082909233377
"FBLL1"	0.380170406594197	0.115100270008246
"FBXL16"	0.317967795078657	0.164057044272525
"FBXO2"	0.472507967071706	0.126266264489363
"FBXO41"	0.344924154594793	0.103483708155284
"FBXO44"	0.359005868207883	0.171128864354613
"FCHO1"	0.279821606508143	-0.0425492185907207
"FEZF2"	0.271392155736951	0.0897309997901979
"FGF12"	0.288343750685907	-0.0185029604676054
"FGF13"	0.293745432147063	-0.0411504590301461
"FJX1"	0.263263038460564	-0.0805917709224198
"FMN2"	0.399367359757622	0.0883998485192484
"FNDC5"	0.397616461979898	0.15912031634192
"FOXG1"	0.328911396562062	0.108358057062321
"FRMPD1"	0.288130455865846	0.0411628338452298
"FRMPD3"	0.356709042385005	0.106471224316018
"FRMPD4"	0.435209316497643	0.0784631104733934
"FRRS1L"	0.31337084325301	0.040876327010103
"FSD1"	0.334671490291635	0.0760642494060023
"FSTL5"	0.277576683875883	0.0812830699576039
"FXYD7"	0.318030217524535	0.0655694111143237
"GABBR1"	0.265697361401934	0.0109822726003766
"GABBR2"	0.402055761429305	0.108067117985309
"GABRA1"	0.592643744261078	0.165176577250902
"GABRA2"	0.441165786412551	0.14463471079355
"GABRA3"	0.315866802094556	0.147048673123299
"GABRA4"	0.348496832666325	0.135224540261952
"GABRA5"	0.447500611673313	0.14810887657803
"GABRB1"	0.277160163163379	0.113725489500132
"GABRB2"	0.43308076525221	0.100891754505646
"GABRB3"	0.434150741536897	0.124023245130248
"GABRD"	0.36833654815093	0.065217496700009
"GABRG1"	0.38354090280666	0.130288418403428
"GABRG2"	0.513465263164881	0.154698358707209
"GABRQ"	0.345895746497118	0.0795766548107897
"GAD1"	0.569921878325212	0.175375054994402
"GAD2"	0.520632752327296	0.166173664085511
"GAL3ST3"	0.331858658826338	0.108477373379394
"GALNT16"	0.390083639901995	0.0642640601387291
"GALNT17"	0.355077310699565	0.0536881434808682
"GAP43"	0.492317503722177	0.0770549473791657
"GAS7"	0.270642454730847	-0.0203097423863039
"GDAP1"	0.395866654099513	0.105322512293813
"GDAP1L1"	0.433725616741228	0.100607869717191
"GDF1"	0.393606960407991	0.102508515233577
"GFAP"	0.506041133056706	0.114973198101929
"GGT7"	0.332433955790735	0.0602493557329789
"GJB6"	0.277078918040169	0.108803337370973
"GJC2"	0.322352657267696	0.0421531527087259
"GLRB"	0.413683992844908	0.0660303416530105
"GNAL"	0.288297191630054	0.0375378695977311
"GNAO1"	0.363319787525931	-0.070237158031448
"GNG13"	0.376452858837115	0.0951617812800155
"GNG3"	0.365509870458392	0.0926251363959652
"GNG7"	0.314328024930458	0.0954923968904846
"GOLGA7B"	0.418664810664557	0.105701078621317
"GP1BB"	0.322605775612114	0.066353155737993
"GPM6B"	0.437450336517725	-0.0314030923350532
"GPR12"	0.325318820740188	0.110058139675115
"GPR137C"	0.263956584149606	0.0952395208678954
"GPR162"	0.396777034151152	0.0950863642554846
"GPR37"	0.470822765335611	0.137375568774121
"GPR37L1"	0.536301879512552	0.117140581963595
"GPR61"	0.310253596502873	0.104587941307602
"GPR75"	0.263974977964147	0.0436849531687188
"GPR83"	0.319971361115639	0.101846793403003
"GPR85"	0.293955449034703	-0.00880823260219384
"GPRASP2"	0.35618201558981	0.0377708994707448
"GPRC5B"	0.325218769050716	0.00504145039774019
"GPRIN1"	0.379037267066768	0.0862045260999108
"GRIA1"	0.503223006772866	0.123051042125231
"GRIA2"	0.542936891020668	0.156555481971731
"GRIA3"	0.370584308150769	0.127464011497675
"GRIA4"	0.47508323849876	0.14413620012745
"GRID1"	0.282829654918845	0.0647803605698863
"GRID2"	0.275114899383162	0.0774193623415727
"GRIK1"	0.356247405416435	0.0934696781465665
"GRIK2"	0.39437625893072	0.127461782222564
"GRIK3"	0.324636170048933	0.110701848767862
"GRIK4"	0.325509861248233	0.0272110200639897
"GRIK5"	0.327944883544205	0.0589570787368207
"GRIN1"	0.491109104344022	0.015773441541368
"GRIN2A"	0.285688822850322	0.102002621706027
"GRIN2B"	0.319961149565843	0.108384121533424
"GRIP2"	0.316164899645035	0.145841419139427
"GRM1"	0.440905958301603	0.146184515903156
"GRM2"	0.401402769921722	0.123097511700074
"GRM3"	0.447301325570691	0.105780888613198
"GRM4"	0.381101474277557	0.118548966253929
"GRM5"	0.386309737833739	0.138016929283812
"GRM7"	0.369864836956943	0.0604397624997414
"GRM8"	0.327125180834821	0.102580551553603
"HAP1"	0.477550518729495	0.0688235771430286
"HAPLN2"	0.420753779916335	0.142000537713516
"HCN1"	0.342127375152515	0.0900539331575774
"HCN2"	0.381863932665734	0.0645250189256404
"HCN4"	0.298159629039039	0.0450065126678796
"HECW1"	0.336817599502288	0.0197579551551326
"HEPACAM"	0.497652593367261	0.138943535655797
"HPCAL4"	0.393096345223484	0.132604183631935
"HRH3"	0.42147683368917	0.104866614369887
"HS3ST2"	0.277366036895048	0.084890199104976
"HS3ST4"	0.404204060568147	0.132260126329448
"HTR2C"	0.360413657381483	0.120655103838286
"HTR5A"	0.299902429064373	0.101963378240798
"HYDIN"	0.30108025722842	-0.155192946630042
"IGLON5"	0.276317178833362	0.0347006924671618
"IGSF1"	0.420054177543617	0.121753491849343
"IGSF21"	0.39468995675264	0.131513214222994
"IGSF9B"	0.311340307040662	0.0572344677710522
"INKA2"	0.264265228879506	-0.0487189914373377
"INSYN1"	0.366446351396632	0.165534940996343
"IQSEC3"	0.452512418238838	0.111849252993489
"ISLR2"	0.331063964274158	0.0746607324769761
"JAKMIP2"	0.417922214451584	0.0908876580916581
"JAKMIP3"	0.337463704818459	0.136890122872774
"JPH1"	0.310911451321469	0.00891880332260271
"JPH3"	0.51386285103195	0.131441123109387
"JPH4"	0.51518996900845	0.0986591021864796
"KCNA1"	0.423718972211861	0.132337073022484
"KCNA2"	0.398802313542543	0.076273425366169
"KCNA3"	0.28478337278393	-0.0721641509355075
"KCNA6"	0.365365496095183	0.121574742563913
"KCNAB1"	0.362118748143267	0.106368031170055
"KCNAB2"	0.370936944797881	-0.052916613680127
"KCNAB3"	0.328004605884239	0.0509037599874197
"KCNC1"	0.488720756623172	0.149741237344188
"KCNC2"	0.445822355015032	0.133269306410569
"KCNC3"	0.285863811415786	0.0343956139895949
"KCNC4"	0.318947413561765	0.11912299277824
"KCND2"	0.42473641740866	0.109941044163202
"KCND3"	0.287281881581427	0.05223391313386
"KCNF1"	0.27619492155484	-0.0130661851178868
"KCNH1"	0.281396726486275	0.0934952773450129
"KCNH2"	0.289851708211367	-0.105823159487651
"KCNH3"	0.326864511790351	0.0407591261047864
"KCNH4"	0.293082429528915	0.0732787699299313
"KCNH7"	0.281682268557997	0.103058803221954
"KCNIP4"	0.284589472903858	0.0942377333543862
"KCNJ10"	0.284248788857618	0.171643933506199
"KCNJ11"	0.290839240151853	0.0543275191808118
"KCNJ3"	0.390632966383572	0.0782988409722593
"KCNJ4"	0.332582988835962	0.108094604654652
"KCNJ9"	0.408982094055789	0.126891542936112
"KCNK9"	0.415490438754064	0.134469116016118
"KCNMA1"	0.297028551670715	0.0104749043354428
"KCNQ2"	0.465545489701362	0.158639168311219
"KCNQ3"	0.409971977838742	0.0929875944919845
"KCNQ5"	0.264998030165764	0.0272136038533162
"KCNS2"	0.295266239485357	0.0973574996699782
"KCNV1"	0.327791620008178	0.114975742810423
"KCTD4"	0.369101024398321	0.120526998378904
"KIAA0408"	0.37768728499638	-0.0471138939203551
"KIF3C"	0.309389399372907	0.0417484076761268
"KIF5A"	0.554531586921969	0.12072703309879
"KIF5C"	0.555144266488454	0.148539103761923
"KIFC2"	0.270021172206742	0.0467522762608512
"KIRREL3"	0.349144485545509	0.129469542646607
"KLHL32"	0.281800589595136	0.0582047852577885
"KLHL34"	0.306353429251392	0.139121112358444
"KNDC1"	0.465046064331566	0.0251460288561618
"KRT222"	0.299656697606654	0.100009406570082
"LAMP5"	0.418119919899797	0.133892141932649
"LARP6"	0.33428431954974	-0.0240438777635541
"LGI1"	0.458423214860829	0.0571015868025791
"LGI2"	0.280519725072474	0.0219461344927783
"LGI3"	0.395436037226497	-0.117015820883027
"LGI4"	0.305010128680162	-0.0357660954210891
"LGSN"	0.298861771851261	0.0961988075566919
"LHFPL4"	0.3266876680947	0.0582631429701924
"LHFPL5"	0.28693542695912	0.090736853225909
"LINGO1"	0.348141186780186	0.0943560300657388
"LINGO2"	0.284802329656635	0.0952240923027452
"LINGO3"	0.304690819314594	0.047704377342234
"LMO3"	0.292923801622146	0.042020736051308
"LMTK3"	0.369576006721193	0.122346194616188
"LONRF2"	0.406337718715555	0.101798677399028
"LRCH2"	0.275969646312069	-0.0310524685838136
"LRFN1"	0.30395392528576	0.00934868509571793
"LRFN2"	0.308356022347142	0.109530708711923
"LRFN5"	0.426256092960573	0.129247888258866
"LRP11"	0.270142631378595	0.0745518755894615
"LRRC4"	0.40475245476994	0.0448960716551395
"LRRC4B"	0.433504917759029	0.0724294514939924
"LRRC4C"	0.38535080795601	0.109864815027245
"LRRC7"	0.37237635288952	0.103126994902778
"LRRC73"	0.345402143879469	0.0453106356853553
"LRRN1"	0.337535152520576	0.108627487887036
"LRRN2"	0.419083229538676	0.0608227643812264
"LRRN3"	0.268093074380766	0.0476496722735282
"LRRTM1"	0.330339710773241	0.0183722272645949
"LRRTM2"	0.380596293452637	0.117005340497267
"LRRTM3"	0.301955887673694	-0.0840548453719187
"LRRTM4"	0.339927019956189	0.0184563866618532
"LRTM2"	0.331757243767703	0.119077495560606
"LSAMP"	0.364510570613017	0.101300023006291
"MAG"	0.395041979204433	0.0847903482998238
"MAGEE1"	0.365581576222881	0.0852970101118859
"MAGEE2"	0.281282749842991	-0.0139399342970567
"MAGEL2"	0.327831408961907	0.113556327692928
"MAGI2"	0.324568249216589	0.116045266047002
"MANEAL"	0.373743566985476	0.10025865895846
"MAP1A"	0.402203269426436	-0.00889113556629715
"MAP1B"	0.322600125812412	-0.00558465947078251
"MAP2"	0.453081700583341	0.0238509990956217
"MAP6"	0.342730281236279	-0.0391263325072957
"MAP6D1"	0.3535412071563	0.116094364759875
"MAP7D2"	0.485833780950499	0.126515164021725
"MAPK8IP2"	0.417231623684483	0.0619510337788158
"MAST1"	0.404352818384876	0.0509051303188047
"MBP"	0.365803017308431	0.0871632664289689
"MCF2"	0.325142478478747	0.0919049610802969
"MCHR1"	0.288522816313387	0.0887113947115691
"MDGA1"	0.301439164467831	-0.0220422396527053
"MED12L"	0.271753369539143	0.0448606789962516
"MEGF10"	0.32658083828981	0.0752877709047289
"MGAT5B"	0.422855579883669	0.129500365062006
"MIGA1"	0.276324407632799	0.016143851325707
"MINAR2"	0.326199919861608	0.0236410167389264
"MLC1"	0.51235127801135	0.160417329191637
"MLIP"	0.302445396039745	0.0779053223748424
"MLLT11"	0.305575901380751	0.0908091464992127
"MOBP"	0.52494259864642	0.162621743350757
"MOG"	0.460303690456101	0.142715959468479
"MPP3"	0.400255756149061	-0.00300083152198782
"MPPED1"	0.317094465503178	0.135823543801826
"MSI1"	0.301675874091428	0.0257444120021411
"MT3"	0.480670892276744	0.14012818925848
"MTUS2"	0.318864323904153	0.0115260858132396
"MYPOP"	0.288136078075979	0.0413591958731188
"MYT1"	0.358612819433077	0.083756134193198
"MYT1L"	0.524750119292255	0.14928685484061
"NACAD"	0.281433111318333	0.0461936206625295
"NALCN"	0.46377639597008	0.100045376429213
"NAP1L2"	0.367980671229586	0.161752944815319
"NAPB"	0.381054792428748	0.103825050783753
"NAT8L"	0.429301793706928	0.0834791536809902
"NCAM1"	0.399115731369353	0.0568457728182549
"NCAM2"	0.361045069722386	0.100581205561882
"NCAN"	0.45145626523969	0.128300929048196
"NCS1"	0.34347313324808	0.0542945952891589
"NDRG4"	0.485618405834129	0.056139213825075
"NECAB1"	0.378864704483499	0.0871072710420518
"NECAB2"	0.36853758994548	0.0992280471607307
"NEFH"	0.53238291972321	0.163359037118889
"NEFL"	0.490201380924934	-0.0130783758176786
"NEFM"	0.570942004467913	0.112987140300597
"NELL2"	0.296067999249169	0.163613862440017
"NETO1"	0.351153887471806	0.0993100787654605
"NETO2"	0.279669876769764	0.0144216264606107
"NEURL1"	0.31482488072771	-0.082294379863056
"NEUROD1"	0.298703575676112	0.0293611619206698
"NEUROD6"	0.337841036218514	0.109520125371992
"NEXMIF"	0.288986889199752	0.017135186568
"NFASC"	0.43953189670503	0.0489058293018941
"NKAIN2"	0.343183260012831	0.115058964918473
"NKX6-2"	0.394779359987703	0.116656769572281
"NLGN1"	0.336056709486349	0.086155312512163
"NLGN3"	0.43523727028869	0.07367180084256
"NMNAT2"	0.379712831926612	0.0162076606518036
"NOG"	0.268166860616914	-0.0220257833306616
"NOS1"	0.273275447301383	0.0449010796560022
"NOVA1"	0.395219769710428	0.0169443957298094
"NPTX1"	0.358694810694433	-0.054309410494552
"NPTX2"	0.307376701054732	-0.02306941506192
"NPTXR"	0.425661580094325	0.0946541860238674
"NPY1R"	0.271768115276324	0.0460267233163644
"NRCAM"	0.477449707189954	0.0165695054184464
"NRG3"	0.327928097397224	0.0812708419441203
"NRGN"	0.351984130232119	0.0381138269217861
"NRIP3"	0.428801857986167	0.112252560013105
"NRN1"	0.300443927534364	0.18802049003016
"NRSN1"	0.518186004514567	0.11630375834616
"NRSN2"	0.467938477104775	0.146612634289242
"NRXN1"	0.286675274356808	0.0607188127801051
"NRXN2"	0.318551796089246	0.100077053596365
"NRXN3"	0.433608840712791	0.137318994191559
"NSG2"	0.388948595217177	0.0545330979315637
"NTM"	0.352113434032465	0.109258404108498
"NTNG1"	0.282703040910484	0.057543746402872
"NTRK2"	0.280829603887814	0.169853832302792
"NTRK3"	0.357167427535039	0.0659461063309064
"NTSR2"	0.501107480234379	0.161988493430481
"NUDT10"	0.398761866135916	0.1151378564534
"NWD1"	0.286572592683569	0.0467426216306371
"NXPH1"	0.372950947425544	0.125991348303848
"NXPH3"	0.264862196676856	0.0687435632649337
"NYAP2"	0.28801183715233	0.0932677917592548
"OLFM1"	0.32362861977742	0.0820704504860624
"OLFM2"	0.331133262649375	0.184260069489401
"OLFM3"	0.390119816413137	0.123137114575659
"OLIG1"	0.455226120761519	0.0954089451001913
"OLIG2"	0.342926463590745	0.113652245868666
"OMG"	0.49833498048387	0.118810037573195
"OPALIN"	0.39623594017394	0.109224353598922
"OPCML"	0.29533568857985	0.0681033500451542
"OPRL1"	0.432985073771631	0.124317320632697
"OTUD7A"	0.269521039241746	0.050072342290238
"P2RY12"	0.291340908703268	-0.0147944843910709
"PACSIN1"	0.373130942651894	0.1062492447476
"PAK3"	0.383015960435712	0.101842022206857
"PAK5"	0.399351549865927	0.11396661297086
"PANX2"	0.353799215924801	0.0082872029299082
"PAQR8"	0.330225361051087	0.00429477753899258
"PCDH10"	0.478017284561758	0.0938885363412908
"PCDH20"	0.341286940801177	-0.0778251652348255
"PCDH7"	0.305929232492717	-0.0633639910130083
"PCDH8"	0.337936993102763	0.067780490542141
"PCDH9"	0.433625951140845	0.100465914432354
"PCDHAC2"	0.298440291615268	-0.0779093569204977
"PCNX2"	0.451239716531866	0.12978602063132
"PCSK1"	0.324676930167863	-0.0771164906168299
"PCSK2"	0.472273615057191	0.0519088545156957
"PCYT1B"	0.301563306410209	0.0189525341734401
"PDZD4"	0.268155800231029	0.0346150818332993
"PDZD7"	0.342459812278135	0.0974841955947847
"PEG10"	0.274753936680222	0.0674006211086731
"PEX5L"	0.449018755538329	0.110666135380094
"PFN2"	0.299734134322136	0.0685817186354112
"PHACTR1"	0.263774312487273	-0.0194640801616469
"PHACTR3"	0.420992080599507	0.119297141198611
"PHF24"	0.433606539547242	0.167256340928963
"PHKG1"	0.323732288740181	0.021602681917474
"PHYHIP"	0.357732904428469	0.160844688958696
"PHYHIPL"	0.288942505167826	0.129007633994967
"PIANP"	0.448839705376197	0.115267721922668
"PITPNM3"	0.29038566188481	-0.0181645278255388
"PKIA"	0.265788029612303	-0.0333774537467532
"PLA2G4E"	0.26533831376169	0.0874037734770588
"PLAAT1"	0.286963433197979	0.0723424404972768
"PLCD4"	0.287863275709535	0.0969613616801446
"PLCH2"	0.287180323087477	-0.0181257102065257
"PLP1"	0.366893231889829	0.0992061940650792
"PLPPR2"	0.347354741149278	0.129146643415406
"PLPPR4"	0.446096410135756	0.116284099649483
"PLXNA3"	0.317432583545064	-0.0104204665182576
"PLXNB3"	0.445909713432423	0.0585838307195999
"PNCK"	0.316104216407235	0.0428354377145848
"PNMA8B"	0.468272373737518	0.103605357439792
"PNOC"	0.268118758780835	0.0950076704198864
"PODXL2"	0.267813881905858	0.0295892970572694
"POU3F2"	0.275148520797783	0.0903472021695521
"PPFIA2"	0.390826534029153	0.160700677667866
"PPFIA3"	0.342861325497495	0.0226677249190564
"PPFIA4"	0.396927293641426	0.0863569829149286
"PPP1R9A"	0.266079070626881	-0.00310114984444844
"PPP2R2B"	0.391343053491576	0.104633385148894
"PPP2R2C"	0.416911601546144	0.0127330793004996
"PRDM8"	0.315053857911476	0.00546502722562581
"PRKAR1B"	0.4151922595582	0.0854726794845753
"PRKCB"	0.3750865166494	0.00386277014105162
"PRKCG"	0.39256524703547	0.101708298467351
"PRMT8"	0.420489907118945	0.0944014401698546
"PRR18"	0.361875480878641	0.0526765517217973
"PRR36"	0.347064967724253	0.0274895885253186
"PRRT1"	0.453131763034101	0.02705662765477
"PRRT2"	0.485995435050916	0.108418318872544
"PRRT3"	0.401972719503927	0.133553637117896
"PSD2"	0.30415304035992	0.102210114731044
"PTCHD1"	0.26445246180842	0.0192982213378778
"PTGDS"	0.613629078035672	0.178910821659159
"PTPN5"	0.432208455444719	0.0414639828414635
"PTPRN"	0.38973176008941	0.040689986104929
"PTPRN2"	0.318972875752749	0.0414612116424459
"PTPRT"	0.388807611164271	0.115993410846484
"PTPRZ1"	0.416836924418294	0.0863019334061046
"PVALB"	0.463259445322801	0.138328586219032
"RAB26"	0.286305809943865	0.0135924375785798
"RAB33A"	0.320361938925988	0.0610299025670115
"RAB39B"	0.279587663071161	0.0492250891981402
"RAB3A"	0.268074377052564	0.0546734245125151
"RAB3C"	0.375473725787137	0.0995006700257434
"RAB9B"	0.292244557146658	0.0925378213482914
"RALYL"	0.388255395177042	0.132495923341172
"RASD2"	0.365077654931965	0.104281694145206
"RASGRF1"	0.359389837616483	-0.00779171294619606
"RBFOX1"	0.427899459610495	0.127157440209021
"RBFOX3"	0.469302685453068	0.134969138162764
"REEP2"	0.295286970486831	0.0639319969305503
"RELL2"	0.317041069602988	0.0752061355702023
"RFX4"	0.287732699174123	0.0911440593357414
"RGS17"	0.332343145065685	0.0604168762419654
"RGS20"	0.336493319325469	0.0886360565082942
"RGS4"	0.293093972670904	0.0107689291695767
"RGS7"	0.392621593984261	0.107521263344179
"RGS7BP"	0.346815904882054	-0.0189046393491528
"RGS8"	0.328521139400709	0.114245751596905
"RIMBP2"	0.377383122480883	-0.0302314968988227
"RIMS1"	0.438857129862013	0.0213913688326513
"RIMS2"	0.438795738651731	0.0702681149169956
"RIMS3"	0.377539148477582	0.104046768527984
"RIMS4"	0.308836438169968	0.111187898248788
"RNF112"	0.450758339098442	0.0142066171838885
"RNF182"	0.269886774959888	0.0715686216845817
"RPH3A"	0.59268809434353	0.17641431446859
"RPS6KL1"	0.308426616162911	0.122818260511203
"RTL5"	0.268087189284375	0.0454141944687429
"RTN1"	0.458493444959039	-0.00430420648868936
"RTN2"	0.345264633103013	0.0388872136605946
"RTN4R"	0.369165044017709	0.114723076727538
"RUNDC3A"	0.354537501644969	0.141700696452955
"RYR2"	0.403733309961795	0.000859377403450641
"S100B"	0.386500802271631	0.0232658303221594
"SALL2"	0.324126050982197	0.0570427036553461
"SAMD14"	0.340907064154227	0.0512956557096941
"SCG2"	0.428485900012707	-0.0535318235386246
"SCG3"	0.471416950107372	0.0540230633343532
"SCG5"	0.431282651097404	0.00943170579526102
"SCN1A"	0.507802420862931	0.109355856958998
"SCN2A"	0.462845587461619	0.105835991663023
"SCN2B"	0.406491252754622	0.0731506382617447
"SCN3A"	0.360851688479999	0.00927355165624986
"SCN3B"	0.317257295276583	-0.0833141124857261
"SCN4B"	0.3426391977004	0.117696565805045
"SCN5A"	0.287855768262278	0.0816139199351484
"SCN8A"	0.30682075696315	0.126108841492494
"SCRG1"	0.367691494653936	0.124407301291954
"SCRN1"	0.37809910931103	-0.0103238670474603
"SEMA4F"	0.276357432445973	-0.0398031171054647
"SEMA7A"	0.265000537015529	-0.115080568799495
"SEPTIN3"	0.390100668905133	0.0558507608201577
"SEPTIN5"	0.390275212948618	-0.00492305421023501
"SERP2"	0.269605249846591	0.0736070833632034
"SEZ6"	0.487398849089165	0.138746412834452
"SEZ6L"	0.479078014481004	0.136628019883637
"SEZ6L2"	0.470648353923428	0.0783674243343784
"SGIP1"	0.324043856832289	-0.01554684732501
"SGTB"	0.318816255762053	0.0332049256949766
"SH3GL2"	0.270346902586882	-0.0209584602672154
"SH3GL3"	0.382886445141802	0.0893025583708656
"SHANK1"	0.347916220754017	0.13547177465039
"SHC3"	0.384796207598161	0.104037574872632
"SHD"	0.303600276744672	0.100345772591683
"SHISA4"	0.315530935602482	0.063966404947332
"SHISA6"	0.275450099012509	0.0241283525430642
"SHISA7"	0.270246809969236	0.0935954182040835
"SHISA8"	0.267869768222989	0.0263444353592509
"SHISA9"	0.308086631036785	0.064336923667047
"SLC12A5"	0.512110462230025	0.138451643927102
"SLC17A6"	0.486750171232698	0.153019087045598
"SLC17A7"	0.47283181159331	0.165419344426977
"SLC1A2"	0.341934411503218	0.284690038513621
"SLC1A3"	0.424091623197979	0.0874078581659047
"SLC1A6"	0.309605308933206	0.101438725089951
"SLC22A17"	0.33644416627417	0.0231261015450098
"SLC24A2"	0.363699154377744	0.0990472687665221
"SLC24A3"	0.269561121888482	-0.0649915991878208
"SLC25A18"	0.500332967777712	0.1585526557124
"SLC29A4"	0.278535587473923	0.0418585258686349
"SLC2A3"	0.340461943646256	0.0156385239759739
"SLC32A1"	0.538064116263507	0.169345809084445
"SLC35F1"	0.274654249532552	0.130854604532995
"SLC35F4"	0.266853021715867	0.0930320041920208
"SLC39A12"	0.424258539124863	0.145250931680289
"SLC45A1"	0.287822590854772	0.137230348349354
"SLC4A10"	0.474746210207198	0.150467172130836
"SLC6A1"	0.585531896362482	0.182909276890419
"SLC6A11"	0.352236736142132	0.116760791355758
"SLC6A15"	0.427565050539214	0.106605726253148
"SLC6A17"	0.510971172562099	0.13976897480948
"SLC6A7"	0.303644716687679	0.0973334694659136
"SLC7A14"	0.36663056140246	0.100453354264143
"SLC8A2"	0.456904772450264	0.112909097376397
"SLC8A3"	0.312980225478921	0.0102803852861687
"SLC9A5"	0.321162635947944	-0.0366564142131332
"SLCO1C1"	0.370806866018256	0.111219523701143
"SLIT1"	0.39687750027211	0.123109660739743
"SLITRK1"	0.47049307936121	0.136542539471395
"SLITRK2"	0.384296069577841	0.121569852650753
"SLITRK3"	0.425145023341711	0.104594053941371
"SLITRK5"	0.376514625915924	0.115995964220866
"SLURP2"	0.377492321478601	0.101160912609308
"SNAP25"	0.601066305686027	0.0831214198470746
"SNCA"	0.360424951595802	0.053334664405538
"SNCB"	0.541357859969124	0.152273394420654
"SNPH"	0.339723738167784	0.0982724677292435
"SNURF"	0.292556572197002	0.0152056526104511
"SOGA3"	0.401621437184694	0.0493556341456262
"SORCS3"	0.328733524782536	0.100630879558226
"SOX10"	0.370675811262347	0.07205536060807
"SOX2"	0.372902342855314	0.0269139595982606
"SOX8"	0.292924070619501	0.0764022707012556
"SPARCL1"	0.315217139869285	-0.114573009541412
"SPHKAP"	0.329626190056227	0.211570238890544
"SPOCK1"	0.37166982969484	0.106917879334735
"SPOCK2"	0.278165961643772	-0.073922270820777
"SPOCK3"	0.451222701966553	0.112834204080904
"SPRN"	0.317892248257001	0.0502947481298873
"SPTB"	0.291385828936852	-0.0222443719993986
"SPTBN4"	0.441718893174945	0.0781287421349913
"SRGAP3"	0.334240191010859	0.0722127775814947
"SRPK3"	0.361243885098555	0.0830668317167368
"SRRM3"	0.337543604458369	0.111551456598665
"SRRM4"	0.303446277307755	0.101478787256447
"SST"	0.297727320824669	-0.122855985468896
"ST18"	0.311520252870114	0.000758719313774062
"ST6GALNAC5"	0.272504057597132	0.091233748880083
"ST8SIA1"	0.28357619911249	0.0717938269392661
"ST8SIA3"	0.265418082610485	0.195154038106715
"STAC2"	0.366010062241812	0.128874179252584
"STK32C"	0.378888374627119	0.0116170495869879
"STMN2"	0.464049929028684	0.0167703792822596
"STMN3"	0.515875630226082	0.0847294490687523
"STMN4"	0.50539628557514	0.0593980986772197
"STRIP2"	0.28842545074226	0.0592362474346105
"STX1A"	0.282930312887946	0.0243263761590884
"STXBP1"	0.296744465691875	0.0169648124829845
"STXBP5L"	0.345944180611149	0.050447308519565
"SULT4A1"	0.48505023125912	0.110949577448042
"SV2A"	0.511856712495066	0.107068512652028
"SV2B"	0.444502886261289	0.132321042675023
"SVOP"	0.396479680098593	0.121356937213707
"SYBU"	0.292362912447276	-0.121631772695646
"SYN1"	0.506908843671268	0.0999566088109976
"SYN2"	0.455856609969153	0.0735880179443497
"SYNPR"	0.369477004071798	0.119832741946334
"SYP"	0.346743471372283	0.0611934283451025
"SYT1"	0.490160213886374	0.0881946179033015
"SYT11"	0.394744033021383	0.0490681891786146
"SYT12"	0.308176973752032	0.098549297007555
"SYT13"	0.486428849172447	0.117321039575146
"SYT4"	0.441465933455096	0.0800839798016442
"SYT5"	0.367018422678929	-0.0381852160338495
"SYT6"	0.316200450394008	0.0863275838911287
"SYT7"	0.371725856526146	-0.0419340934946493
"TAGLN3"	0.547946111009378	0.098206947844398
"TCEAL3"	0.421057692779912	0.0927640153049496
"TCEAL5"	0.431251882438318	0.108922076918258
"TCERG1L"	0.294688057045308	0.0729865750021503
"TDRKH"	0.268526222062659	0.0242193331777554
"TENM2"	0.398250792228548	0.124629016100181
"TENM3"	0.28984641195104	-0.00134472514703094
"THEGL"	0.300933768986216	0.0409733757319312
"THY1"	0.276040349838882	-0.0432930030681899
"TLCD3B"	0.344387751365184	0.0689538816825304
"TMCC2"	0.27219343902166	0.0503829968591848
"TMEFF1"	0.329108245374653	0.0266610896669336
"TMEFF2"	0.36447102498358	0.0505555606107796
"TMEM121"	0.286371648863153	0.0552531563273747
"TMEM130"	0.454774801137594	0.132424734805146
"TMEM145"	0.430038368808235	0.161694157978904
"TMEM151B"	0.437904695799771	0.0863764196057865
"TMEM158"	0.269884941088766	-0.0523009961811197
"TMEM179"	0.381746389723772	0.100537020769618
"TMEM190"	0.273355737659356	0.0992108306151053
"TMEM198"	0.271792571814233	0.014606550985678
"TMEM229A"	0.315040735889334	0.0786776045005269
"TMEM240"	0.269142987982377	0.0154146489453637
"TMEM255A"	0.28379386441086	0.168360056407853
"TMEM271"	0.342500439784359	0.10401825657265
"TMEM35A"	0.327164125943648	0.0439056727712439
"TMEM59L"	0.384257916390699	0.0263182777303484
"TMEM63C"	0.38688183039954	0.117264343539578
"TMOD2"	0.322675355841186	0.0403487662033724
"TNR"	0.423107500184411	0.0942356301796042
"TOX2"	0.286357249219356	-0.0453259495555122
"TPPP"	0.300676973516055	-0.0770381536820062
"TRAM1L1"	0.286478799609399	0.0775771755449726
"TRIM46"	0.317228430416133	0.0421077139472762
"TRIM66"	0.290192647616631	0.0984882181956164
"TRIM9"	0.470587874261305	0.112624385267179
"TRNP1"	0.267093699613165	0.0502313066227942
"TRPC4"	0.270779306889026	0.0406004450221959
"TRPC5"	0.278615478763945	0.0867450969536972
"TRPM3"	0.333701229421191	0.100923455889277
"TSPOAP1"	0.35647644166342	-0.00170710135293089
"TSPYL4"	0.417210072503163	0.0785899246851381
"TTBK1"	0.394507038468353	0.156064231909721
"TTLL7"	0.404936617732396	0.0159711119631019
"TTYH1"	0.440792492773344	0.0620560512518149
"TUB"	0.339073053784054	0.0635275144139576
"UBE2QL1"	0.362228667222406	0.14924069149352
"UCHL1"	0.478806522679563	0.0587658037173404
"UCMA"	0.280346020570427	0.100688169273612
"UNC13A"	0.444951357924464	0.102949344664552
"UNC13C"	0.387122581239044	0.112889557455156
"UNC5C"	0.264785802920644	0.011290586204575
"UNC5D"	0.34328616819338	0.114477642441065
"UNC79"	0.345364707638523	0.134416678052576
"UNC80"	0.49163117348405	0.125208512599428
"USP29"	0.41425622031986	0.197028947805027
"VGF"	0.483905232395699	0.0868474431607537
"VSNL1"	0.530458604067628	0.0912025602132413
"VSTM2A"	0.300015921828767	0.121960948947255
"VSTM2B"	0.358977285118695	0.1216778484408
"VSTM2L"	0.41314397044826	0.0964811627291418
"VWA5A"	0.283950957957674	-0.066930056762486
"VWA5B2"	0.333922687049702	0.0233637337212689
"VXN"	0.270220880253279	0.100118622551292
"WDR17"	0.282639982902299	0.0510660918366428
"WNK2"	0.344149565943125	-0.0634522782601922
"ZC3H12B"	0.271004751767011	0.0541797332001259
"ZDHHC22"	0.375283351257659	0.130860621103839
"ZFYVE28"	0.339603161408692	0.0835986142780884
"ZIC1"	0.337674651288231	0.116116837250787
"ZIC2"	0.428922440233175	0.139896077694342
"ZMAT4"	0.270697302114034	0.0804321411384143
"ZNF365"	0.346401195536972	-0.0203648029242727
"ZNF483"	0.420109248332905	0.127510656488593
"ZNF536"	0.326960315928429	0.0255006081130188
"ZNF804A"	0.346921289798464	0.0920422993577452
"A1BG"	-0.26310619739703	0.309378493487895
"AADAC"	-0.318037524395806	0.0509946304824076
"ABCB11"	-0.301485490385215	0.393878001831831
"ABCC2"	-0.322063851085921	0.237477654677456
"ABCG5"	-0.279657465514132	0.102507163456556
"ABCG8"	-0.303849085750207	0.14006915038754
"ACMSD"	-0.297734476235942	0.247694976508789
"ACOT12"	-0.34254105916652	0.149535703843318
"ACOT6"	-0.268304829074967	0.235197071293667
"ACOX2"	-0.362028166185136	0.195487842924375
"ACSM1"	-0.343008534601036	0.26917175786599
"ADH4"	-0.34696333729379	0.146848266560028
"ADH6"	-0.325783654582687	0.349610155794363
"ADTRP"	-0.311703258592949	0.12082933974098
"AFMID"	-0.30273869114951	0.220915796116281
"AGMAT"	-0.312110203369194	0.180507188649059
"AGMO"	-0.273933604063379	0.137253729701225
"AGXT"	-0.338119362538865	0.409744328184085
"AGXT2"	-0.363196033699588	0.328579111184688
"AHSG"	-0.325495438049454	0.40067653162166
"AKR1B10"	-0.357836772019811	0.38945246583027
"AKR1D1"	-0.340085187500826	0.408976280010887
"AKR7A3"	-0.278229357652026	-0.0204538099472316
"ALB"	-0.274142233036258	0.301343882857224
"ALDH8A1"	-0.344249673226233	0.297855138715163
"ALDOB"	-0.351940342932686	0.132504577994736
"AMBP"	-0.341276015213077	0.409246361142246
"AMDHD1"	-0.324361096738417	0.401526322801179
"ANG"	-0.27165444510102	0.20754919285124
"ANGPTL3"	-0.365570768993789	0.406169899202838
"ANGPTL8"	-0.298501773156645	0.348157959103129
"ANKS4B"	-0.338290064485081	0.0282715570825795
"APCS"	-0.318687074095183	0.396844124367438
"APOA2"	-0.346316520140065	0.361457078029705
"APOA5"	-0.336210342776789	0.417487745401493
"APOB"	-0.305488664718295	0.120343019759729
"APOC2"	-0.329696017188558	0.164905687803353
"APOC3"	-0.344262926302201	0.164751686396471
"APOH"	-0.317062917929584	0.341931755558749
"AQP8"	-0.298733420577594	0.177486467433649
"ASGR2"	-0.30840966782226	0.33077277630647
"ASPDH"	-0.300217563094246	0.324297762197929
"BCO1"	-0.30205407362625	0.121608165765217
"BHMT"	-0.339639535916477	0.360661372721294
"BHMT2"	-0.291999910709844	0.339521347196488
"C4BPA"	-0.28278272147869	0.219951104323793
"C4BPB"	-0.287277770522999	0.299529197991113
"C5"	-0.277551981667315	0.198684384693298
"C8A"	-0.339631067899059	0.432976915369254
"C8G"	-0.291177795843331	0.308505994876676
"C9"	-0.320308648977636	0.357210313609026
"CA3"	-0.306649508888404	0.304498661511158
"CA5A"	-0.295909365555209	0.361654873533933
"CCL16"	-0.360078388182254	0.0971359431852269
"CD1D"	-0.26465978893121	0.0830860646282453
"CDA"	-0.271254440635047	0.11431909888531
"CEACAM1"	-0.319682419100121	0.308747258451229
"CGAS"	-0.290604546930779	0.244602455641041
"CIDEC"	-0.268213108588622	0.0854901771464212
"CLDN2"	-0.347105754763607	0.143975352672107
"CP"	-0.329349000837656	0.333357389588347
"CPB2"	-0.340543425305968	0.378878157933239
"CPN1"	-0.324538944398242	0.411909275941104
"CPS1"	-0.348141972609133	0.245592066977609
"CREB3L3"	-0.273771394781267	0.11321710065335
"CRP"	-0.289992462934155	0.271390182760988
"CYP1A1"	-0.290212140467911	0.00267409656614826
"CYP1A2"	-0.335367702496867	0.417536295257901
"CYP2E1"	-0.305476408125248	0.260022302305297
"CYP7A1"	-0.31515483027625	0.390284279787113
"CYP8B1"	-0.27502180857664	0.381182049801153
"DIO1"	-0.318951349252677	0.310084941775563
"DMGDH"	-0.294375077203047	0.361822109412571
"DNAJC22"	-0.327418073801823	0.12983393789076
"DPYS"	-0.367640283918189	0.384473639904155
"ECHDC3"	-0.266769436261296	0.180401994136945
"ENTPD8"	-0.335832596299056	0.0977194163898762
"ESRP2"	-0.269533376227381	0.0136994117379391
"F10"	-0.323230604454312	0.421926383164664
"F11"	-0.275823917989442	0.310245703408369
"F12"	-0.287411771267699	0.39148837195755
"F13B"	-0.362648708188544	0.361740838046555
"F5"	-0.270159642526256	0.164106964570196
"F9"	-0.336900527200601	0.423795315437572
"FABP1"	-0.334402096200454	0.151507397798712
"FBP1"	-0.362894257392962	0.117750160681536
"FETUB"	-0.287869938996104	0.193717584638431
"FGA"	-0.365501481794419	0.41876822262986
"FGB"	-0.338141663468986	0.401889966626791
"FGFR4"	-0.271467470946971	0.129895767489656
"FGG"	-0.337709055357003	0.412612892205427
"FGL1"	-0.333307750930615	0.370612146364207
"FMO1"	-0.283655489575387	0.121435216816719
"FMO3"	-0.293790799179957	0.217840358331483
"FMO4"	-0.284883271066147	0.0436469266460233
"FMO5"	-0.309848826985745	0.123293754602422
"FTCD"	-0.362806646348755	0.406409655562189
"GC"	-0.333059040302701	0.295518243737258
"GCGR"	-0.289747397647037	0.276911075895607
"GLOD5"	-0.269740955948247	-0.0965147147541218
"GLYAT"	-0.375837996682993	0.376935793395138
"GOLT1A"	-0.29958269454613	0.0371579914069713
"GSTA1"	-0.327837438163849	0.0582267940708031
"GSTA3"	-0.264037200852449	0.0721530090390337
"HAAO"	-0.35874251872059	0.346842453190682
"HABP2"	-0.341778705890963	0.340191606454582
"HAL"	-0.297455379038129	0.291252060468493
"HAMP"	-0.320383738084794	0.39548955931472
"HAO1"	-0.346107684417068	0.427578780405287
"HAO2"	-0.362286865688942	0.150462487793621
"HGD"	-0.357267722793261	0.331387619502678
"HGFAC"	-0.341168289502582	0.3505213879415
"HJV"	-0.289935659952631	0.352029130570701
"HNF1A"	-0.314357369012416	0.115908340700039
"HNF1B"	-0.292647736244469	0.0985845561595737
"HNF4A"	-0.371899796279576	0.123976913577036
"HNF4G"	-0.267155098236594	-0.110240252573641
"HOGA1"	-0.293045650648754	0.194504767834992
"HP"	-0.277716345778817	0.191630052648679
"HPD"	-0.37099654547515	0.373228743749271
"HPX"	-0.294039486188952	0.377482880180715
"HRG"	-0.343951690080376	0.43019114820593
"HSD17B13"	-0.27457419614084	0.234116159460085
"HSD17B2"	-0.346098947383493	0.141909031856786
"HSD17B6"	-0.348347285976285	0.109469066611337
"HSD3B1"	-0.344887325887809	0.245177482938647
"IDO2"	-0.331871410761556	0.324629757326512
"IGFALS"	-0.296011728319514	0.364863358903058
"IHH"	-0.303052937130894	-0.0327254126905704
"INHBC"	-0.273304018196815	0.344426254774282
"ITIH1"	-0.340357348943534	0.41538544736626
"ITIH2"	-0.305744946693631	0.430583646525285
"ITIH4"	-0.355418534049247	0.397051761722245
"IYD"	-0.331919806176109	0.0910527214312665
"KCNJ15"	-0.263094926681197	0.074504482325257
"KMO"	-0.335950079661585	0.296110504185042
"KRT18"	-0.276373903203958	-0.0335508866740813
"KYNU"	-0.264318335802136	0.251971106723841
"LEAP2"	-0.292976086719503	0.158837703932382
"LIPC"	-0.307226193473992	0.389511649511515
"MAT1A"	-0.365424321271151	0.392294727361789
"MBL2"	-0.337037429898777	0.408447492208269
"MGAM"	-0.279520436430414	-0.0976778962255512
"MTARC1"	-0.343474471452034	0.35653656447138
"MTTP"	-0.322299691911864	0.132671454652583
"NLRP6"	-0.277823091574175	-0.115451669093801
"NR0B2"	-0.294169850435425	0.246481598121128
"NR1H4"	-0.344753013957205	0.0812422065112749
"NR1I2"	-0.350052980342164	0.0956023891882838
"OSGIN1"	-0.299028646884424	0.0786492138657283
"OTC"	-0.300947704063111	0.191390272885695
"PAH"	-0.383063585568313	0.387373796871261
"PBLD"	-0.328457411860392	0.112837385258628
"PCK1"	-0.314819541206673	0.0871872083967799
"PCSK9"	-0.322323491039762	0.176137237158172
"PDZK1"	-0.280348221954152	0.120468422652665
"PFKFB1"	-0.269712286646807	0.212504769342384
"PGLYRP2"	-0.323461178627774	0.334218401529692
"PIGR"	-0.306446471453092	-0.0523556423736995
"PIPOX"	-0.291029280940481	0.19032289758794
"PKLR"	-0.326153640595034	0.0101327450800749
"PLA2G12B"	-0.29069844671435	0.0704242339497503
"PLG"	-0.363519555704645	0.360800700131453
"PON1"	-0.342306668978944	0.395456277864529
"PON3"	-0.295459059081761	0.0393245464046013
"PRLR"	-0.321668055166594	0.16610452171687
"PROC"	-0.3254657433822	0.359132135703991
"PRODH2"	-0.357745944798171	0.342012799898795
"PROZ"	-0.324383831649088	0.37989950996413
"PZP"	-0.33342533763649	0.326782397837724
"QPRT"	-0.331491472029458	0.287158797389213
"RAB17"	-0.268105549152129	-0.0524253227523002
"RBM47"	-0.284129898866094	-0.0157200502219056
"RDH16"	-0.345330440931716	0.0874354323489157
"RGN"	-0.283932326967281	0.231029141516009
"RTP3"	-0.286559698747508	0.254397442756605
"SAA4"	-0.297571145340277	0.386414456986711
"SERPINA11"	-0.308558954930257	0.369664475785854
"SERPINA4"	-0.369980404195566	0.420520708732198
"SERPINA6"	-0.359192947383893	0.311146484631338
"SERPINC1"	-0.350832938033372	0.410436678582349
"SERPIND1"	-0.297663428072157	0.417071321096153
"SERPINF2"	-0.317759587590464	0.268491856240522
"SHMT1"	-0.335180246704322	0.212852858409263
"SLC17A1"	-0.356428959389717	0.350806171879306
"SLC17A2"	-0.316734247169911	0.089755228765296
"SLC17A4"	-0.339190479704756	0.0307402004446539
"SLC22A1"	-0.386736399791617	0.401086285648901
"SLC22A18"	-0.338064759622522	0.0403818360828012
"SLC27A2"	-0.307847539567187	0.177479948509308
"SLC27A5"	-0.271528375388456	0.362268124625824
"SLC2A2"	-0.370328029077608	0.238488040217917
"SLC2A9"	-0.288873265372737	0.10581122140808
"SLC38A4"	-0.307991988180436	0.252986135099254
"SMLR1"	-0.270435096993828	0.170442877926745
"SOAT2"	-0.312211501217604	0.108078912017343
"SPP2"	-0.337122554537944	0.385624001030332
"SRD5A2"	-0.340804264147872	0.350697847160279
"SUGCT"	-0.275413435141644	0.228863563003121
"SULT1B1"	-0.302173551938414	0.077278462546657
"SULT2A1"	-0.372079963179885	0.162133131733906
"SUN3"	-0.306625032091995	0.259911666909801
"TAT"	-0.349688403313075	0.337553606019885
"TCEA3"	-0.296689425432515	0.106669628948277
"TDO2"	-0.334004603724697	0.425294181395061
"TLCD2"	-0.276118927281971	0.060652339731558
"TM4SF4"	-0.30689100113797	0.0494504820710062
"TMEM79"	-0.267918765088488	0.02094035497881
"TMPRSS6"	-0.283444983301038	0.350756385989463
"TTC36"	-0.350970895382785	0.375284326024053
"TTPA"	-0.288409169016041	0.405218949068907
"UGT1A9"	-0.319884197243542	0.0438456387857894
"UGT2A3"	-0.304206718792091	0.203290238245993
"UGT2B17"	-0.344128738252832	0.252175478962813
"UGT2B7"	-0.328265770877813	0.330873808565729
"UGT3A1"	-0.288208806552492	0.191392720709622
"UGT3A2"	-0.376309533839889	0.257714149732641
"ULBP1"	-0.286644053303465	0.213070695043323
"UPB1"	-0.298906649317754	0.299056914602763
"UPP2"	-0.280876806866869	0.350302460394159
"URAD"	-0.295387637080632	0.114519744346059
"UROC1"	-0.298746638041228	0.420389010215074
"XKR9"	-0.288768967556719	0.118183433967
"AADAT"	-0.259115780147548	0.376048078620524
"ACSM5"	-0.181289224300621	0.409575996797605
"AK4"	-0.112051733248208	0.316194150625251
"AQP9"	-0.117517757300251	0.38288792572275
"ASGR1"	-0.244744769409601	0.333647416297632
"ASS1"	-0.174724300734034	0.293842799246161
"CFI"	-0.257692428814931	0.296218346951928
"DHTKD1"	-0.14434897947084	0.283555329211013
"ELOVL2"	-0.120715416918455	0.408449477114807
"ETNPPL"	-0.0484561700021671	0.397176123725757
"F2"	-0.243741030095998	0.334830092466823
"F7"	-0.250873578870019	0.395887675484676
"FABP7"	-0.200440226794786	0.365464708321247
"FADS6"	-0.159387693484615	0.306066683125879
"GCK"	-0.191800815203462	0.337003361416913
"GJB1"	-0.199634624746337	0.323678859216428
"GLDC"	-0.15806535750589	0.298287528690833
"GNAT1"	-0.235726347428378	0.295962116733055
"GPLD1"	-0.0620303844620437	0.327436163432538
"GYS2"	-0.25646764714738	0.286773472157937
"INHBE"	-0.21753342629532	0.312598971140255
"KCNN2"	0.0148451994671113	0.333012823311968
"LCAT"	-0.107849222045949	0.336207792506862
"MMD2"	0.206373806972379	0.318330553652002
"ONECUT1"	-0.153553647857996	0.292106047129658
"PAQR9"	-0.152818056085626	0.293887404148716
"PCDHGB1"	-0.262736717700279	0.326123073908934
"PIGZ"	-0.0168683228663697	0.28262877476315
"PNPLA3"	-0.13225525863438	0.326058601895909
"PPP1R3G"	-0.0626758015780604	0.324357485326179
"SALL1"	-0.0956733292609659	0.299958503993281
"SARDH"	-0.243527600925885	0.313135697168353
"SDS"	-0.250768755866765	0.288887215404496
"SLC10A1"	-0.225968029302384	0.376273249762914
"SLC13A4"	0.0238870248902841	0.338159733791938
"SLC25A47"	-0.197388374576739	0.298479626126712
"SLC26A1"	-0.25616314179231	0.339251971487996
"SLC38A3"	-0.118366747616459	0.406115432360521
"SLC47A1"	-0.168392448958543	0.291714419781527
"SLC6A13"	-0.154553383922792	0.321063735962539
"SRCIN1"	0.216734109015178	0.291970511264316
"THRSP"	-0.258070639129726	0.412746363723241
"TMEM25"	0.0127069501190825	0.308178202909345
"TTR"	-0.195101734363481	0.317858257191786
"A3GALT2"	-0.114601967056252	-0.328296838366262
"ACER1"	-0.11145224654445	-0.29444187774688
"ADAMDEC1"	-0.130467585848618	-0.423259438649806
"ADGRG7"	-0.108104605131694	-0.338130446194007
"AGR2"	-0.105831495927639	-0.493520404208228
"ALPI"	-0.0203922728120927	-0.28993719229217
"ANKRD40CL"	-0.105018817799712	-0.310516754048462
"ANXA13"	-0.161579759028807	-0.29946134679912
"AOC1"	-0.127693927148811	-0.445656426947588
"AOC3"	-0.0591375817447484	-0.288044674195002
"AP1M2"	-0.121873665860848	-0.330063332371613
"APOL3"	-0.15608406757531	-0.287083300335391
"ARG1"	-0.0834898261353356	-0.299131359510916
"ARL14"	-0.112748675421119	-0.290043860478689
"ATOH1"	-0.0941532953275937	-0.285993546013457
"ATP10B"	-0.0137873564753484	-0.300697748800179
"B3GNT3"	-0.120472056094479	-0.405841953779003
"BCL2L14"	-0.105206024057163	-0.285562516108504
"BTN3A3"	-0.102869518409348	-0.328764873035595
"CA9"	-0.094911213451418	-0.299258223842405
"CASZ1"	-0.0689212854554022	-0.294506578612347
"CCL11"	-0.0332883078388581	-0.307433783965604
"CCL28"	-0.0711096673795618	-0.340154450198899
"CCNB2"	-0.0503112767088202	-0.330393943411109
"CDH17"	-0.123148819674543	-0.454197900193406
"CDKN2B"	-0.0534801259791447	-0.337301772333934
"CDX1"	-0.099571083311439	-0.300271937165707
"CDX2"	-0.121968103828719	-0.374095460729229
"CFTR"	-0.108775886018692	-0.299726823365523
"CLCA1"	-0.118014279081153	-0.505504929816096
"CLDN18"	-0.00989140773584145	-0.294256767512104
"CLDN23"	-0.0635742177010421	-0.329417909035289
"CLDN7"	-0.215596770219816	-0.304038754480795
"CLIC5"	0.0108131160769365	-0.344635076391484
"CNKSR1"	-0.141282117631732	-0.295440666728035
"CNN1"	-0.0872499200211469	-0.4208560012178
"CYTIP"	-0.127478309435293	-0.287120444844644
"DEFA6"	-0.108220873356463	-0.317211673712598
"DES"	-0.0550314566242062	-0.345074254504344
"DMBT1"	-0.146272282542807	-0.430774190629128
"DPT"	-0.107488274002505	-0.449727195548662
"DUOX2"	-0.0791810834814725	-0.347282851191947
"DUOXA2"	-0.107901653714053	-0.333598295062685
"EMP1"	-0.0925511794338893	-0.29972730258853
"EPS8L3"	-0.124195434355549	-0.463682369755259
"ERN2"	-0.0977910296079741	-0.314760464744708
"ESRP1"	-0.146679998902272	-0.365484465325032
"F2RL1"	-0.134324978867245	-0.325650409803821
"FABP2"	-0.134721172819931	-0.455300325919129
"FAM3D"	-0.135237322140397	-0.414101427808732
"FAM83E"	-0.0965370652371339	-0.358322706522066
"FFAR4"	0.0409962540268248	-0.28558495537383
"FGFBP1"	-0.108098831472397	-0.313931660728353
"FUT3"	-0.096125574944145	-0.30391992504795
"GAL3ST2"	-0.123549926422142	-0.406775495957657
"GALNT5"	-0.058183406571241	-0.283570596587789
"GATA5"	-0.0958350715996234	-0.2952821012093
"GCG"	-0.115670706483357	-0.364737034593734
"GCNT3"	-0.111201358177433	-0.322397690101308
"GGT6"	-0.105895337053486	-0.349141217964522
"GIPC2"	-0.158955224563872	-0.298735107439669
"GPA33"	0.00565334709956229	-0.360705691792957
"GPRC5A"	-0.0766384159804101	-0.421416591584173
"GUCA2A"	-0.162646993494723	-0.384733526893968
"GUCY2C"	-0.100520283152989	-0.437217643765283
"HHLA2"	-0.124944675156083	-0.297051222437618
"HKDC1"	-0.125875553558891	-0.290145450448325
"HPGD"	-0.154160226753987	-0.305713834172877
"IFITM1"	-0.0775805304525964	-0.285233879604279
"IGF2BP2"	-0.0730870598201511	-0.324287367095462
"IGHG1"	-0.0932174981836636	-0.284785940658478
"IGKC"	-0.152779661747007	-0.310605263103598
"IGKV1-27"	-0.106182945652423	-0.331018459231488
"IGKV1-33"	-0.0880012809033216	-0.293296495709961
"IGKV1D-16"	-0.0847068943307036	-0.291220506899478
"IGKV1D-39"	-0.104356640482191	-0.35456530395574
"IGKV1D-43"	-0.106018954685501	-0.374629382701943
"IGKV2-28"	-0.0925608675472445	-0.305525965336025
"IGKV2-30"	-0.0996393695080124	-0.344680205321373
"IGKV4-1"	-0.102819112291168	-0.355333329710644
"IGLL1"	-0.0892775976594094	-0.311948168201945
"IGLV4-69"	-0.121515618425003	-0.394561623469429
"IL7R"	-0.0907225274880485	-0.29824692190247
"ISX"	-0.115740045375	-0.380924547976335
"ITLN1"	-0.18990586202867	-0.319164998112116
"JCHAIN"	-0.148349055647958	-0.394951878740315
"KLF4"	-0.0657052260072915	-0.286245446859506
"KLF5"	-0.023759115998169	-0.373874536405899
"KRT19"	-0.162849745022633	-0.417472328948917
"KRT20"	-0.14392181913417	-0.437558520317879
"LAD1"	-0.167331157302218	-0.326747273427105
"LAMP3"	0.00996744131724456	-0.315272312735694
"LGALS2"	-0.183874376892983	-0.289682085849344
"LGALS4"	-0.128660325578125	-0.420902551668329
"LIPH"	-0.116814088546123	-0.348818445683609
"LPO"	-0.0360730561955697	-0.436267271856783
"LUM"	-0.023142291852003	-0.288235410314107
"MAB21L4"	-0.0523196763098426	-0.287679907659465
"MALL"	-0.0918335771789847	-0.407265937123239
"MFAP4"	0.151422842135859	-0.318340433121954
"MISP"	-0.117222626931538	-0.380959662461685
"MKI67"	-0.0892604412172581	-0.321380955244876
"MPTX1"	-0.122421504596278	-0.399961010319119
"MS4A10"	-0.0971711349416165	-0.351592374073247
"MS4A12"	-0.111078655616195	-0.348000644047332
"MS4A18"	-0.123131193383046	-0.371047395389357
"MS4A8"	-0.122293309478264	-0.44686767781473
"MST1R"	-0.0756306127053693	-0.299700929317239
"MUC2"	-0.0965632791301803	-0.388029089819665
"MUC4"	-0.0694925613101868	-0.303727450726252
"MYB"	-0.0132205225913641	-0.351608307746926
"MYRFL"	-0.0573918662983821	-0.293539541266978
"MYZAP"	-0.0864306325566924	-0.325834176214236
"MZB1"	-0.112501924239125	-0.331482146265118
"NEURL3"	-0.143311796109998	-0.303593416442666
"NOX1"	-0.06457167148779	-0.304370007489091
"NOXO1"	-0.0918681007459382	-0.313634707335217
"NPC1L1"	-0.091328077105587	-0.337924563890749
"OLFM4"	-0.111798760789788	-0.340231084194302
"OSR2"	-0.136087640782639	-0.287534430005713
"PMP22"	0.0592292314574364	-0.287459916219532
"PNLIPRP2"	-0.128334080373416	-0.292163153048199
"POF1B"	-0.122152748450211	-0.316807483534143
"POSTN"	-0.104549518263389	-0.357643702801101
"PPP1R14D"	-0.105221603339403	-0.466651586628152
"PRAP1"	-0.157431512858666	-0.289935263031371
"PRSS27"	-0.145190491944284	-0.350247895476501
"PRX"	-0.0209747435811221	-0.306753579069583
"PTK6"	-0.0520335439968978	-0.301801615258954
"PTPRH"	-0.0759421053730967	-0.340099280805721
"RASEF"	-0.0762786336135388	-0.3654766901514
"REG4"	-0.109802416932369	-0.458377284720563
"ROS1"	-0.0649335408842589	-0.31882659301137
"RTKN2"	0.0823460210468335	-0.293154533163851
"SCGB1A1"	0.0179597039811136	-0.415352202870169
"SCGB3A2"	-0.000624999794556535	-0.300260475705317
"SDCBP2"	-0.0753508102689779	-0.35791744663097
"SEC14L3"	0.0123081063444106	-0.344521742614646
"SFN"	-0.104289970379701	-0.306461304591704
"SFTPB"	0.0180453141303112	-0.387949494090384
"SFTPC"	0.151459946424617	-0.348107028343773
"SFTPD"	-0.0691512941187112	-0.448105097909493
"SLC26A3"	-0.0976510243161845	-0.437321000964267
"SLC44A4"	-0.183480811444606	-0.314440385822094
"SLC6A14"	-0.0500516759307909	-0.426032754301342
"SMIM22"	-0.0968104941432771	-0.339004001868912
"SPINK4"	-0.151706940628839	-0.355954603397789
"SPINT1"	-0.141111940033264	-0.292351538396005
"ST14"	-0.0951770240172854	-0.306513480670482
"STYK1"	-0.0310814934979054	-0.300026153606751
"TFF3"	-0.138134752631365	-0.48507378250539
"TM4SF20"	-0.131986103923116	-0.397432492734004
"TMC4"	-0.162739147203127	-0.308912424302937
"TMEM150B"	-0.0557152729476105	-0.3289552671583
"TMEM236"	-0.107713044239553	-0.334334559012607
"TMEM45B"	-0.180323727281593	-0.328698373304289
"TMEM61"	-0.149548393229285	-0.300516974388763
"TNK1"	-0.143264485368889	-0.294623320222152
"TNS4"	-0.107484547454871	-0.294301845139127
"TPM2"	0.0447274634595981	-0.289835737320376
"TRIM31"	-0.150753804521368	-0.380792913523109
"TRIM38"	-0.0940113143052565	-0.363141549619821
"TSPAN1"	-0.0986492664275911	-0.328665893771827
"TSPAN8"	-0.155174876864113	-0.335783641391525
"TTC22"	-0.0926159882035755	-0.355224735528567
"TTLL6"	0.0202824372087663	-0.287544796109026
"TUBAL3"	-0.121640478705218	-0.322638455719714
"UBE2C"	-0.090790357292274	-0.310448599119411
"VIL1"	-0.208843132016142	-0.306428753735626
"ZG16"	-0.109866266411149	-0.471026076712376
